,Pclass,Sex,Age,Parch,Fare,Embarked,Name_length,Has_Cabin,FamilySize,IsAlone,Title
rf,0.12575002747218633,0.19911758646821762,0.02971681775563014,0.02129844668312006,0.0715759314897897,0.02426262731229474,0.11044321664850922,0.06407477187148404,0.06661234463487035,0.013493184393006615,0.2736550452708912
et,0.12118453038919476,0.37651968757836,0.028369403878813596,0.01774488194483776,0.055396075994328595,0.028112336503725757,0.047134308501644524,0.08318974056743306,0.04540011301121538,0.021251411878702556,0.17569750975174392
ada,0.03,0.012,0.02,0.066,0.04,0.01,0.684,0.012,0.052,0.002,0.072
gb,0.08733517873575669,0.010519560983532211,0.056844761459733106,0.013092855743097145,0.05227139754924244,0.02238936412652767,0.17357075500593175,0.035530973303836616,0.11211586307441558,0.006552522060961731,0.429776767956965
mean,0.09106743414928445,0.14953920875752746,0.03373274577354421,0.02953404609276374,0.05481085125834019,0.02119108198563704,0.2537870700390214,0.04869887143568843,0.06903208018012533,0.010824279583167727,0.23778233074490002
